施設名,緯度,経度,所在地,電話番号,利用可能日,利用可能時間,授乳スペース,おむつ替えスペース,施設情報URL,休憩スペース
大阪市役所,34.6937366,135.5021669,大阪市北区中之島1-3-20,-,月曜日～金曜日　,9:00～17:30,〇,〇,-,〇
大阪市北区役所,34.7053694,135.5100331,大阪市北区扇町2-1-27,-,月曜日～木曜日、金曜日,（月〜木曜日）9:00～17:30、（金曜日）9:00～19:00,〇,〇,-
大阪市立愛光会館,34.710269,135.494901,大阪市北区中津1-4-10,-,月曜日～土曜日,9:00～20:00,〇,〇,-
大阪市立総合生涯学習センター,34.6988538,135.4980487,大阪市北区梅田1-2-2-500,-,月曜日～日曜日　　　　,（月〜土曜日）9:30～21:30、（日曜日）9:30～17:30,×,〇,-
大阪市立男女共同参画センター子育て活動支援館（クレオ大阪子育て館）,34.7102985,135.5116419,大阪市北区天神橋6-4-20（7階）,-,月曜日～日曜日　　,（月～金曜日）10:00～21:00、（土・日曜日）10:00～17:00,〇,〇,-
ディーズ赤ちゃんルーム（ディアモール大阪）,34.7001993,135.4972148,大阪市北区梅田1丁目大阪駅前ダイヤモンド地下街,-,月曜日～日曜日,10:00～19:00,〇,〇,-
社会福祉法人　大阪市北区社会福祉協議会,34.7042171,135.5050315,大阪市北区神山町15-11,-,月曜日～土曜日,9:00～17:00,〇,〇,-
大阪市立大淀保育所,34.7028517,135.4821457,大阪市北区大淀中4-9-11,-,月曜日～金曜日　　,10:00～16:00,〇,×,-
御堂筋線　中津駅,34.7111523,135.4969992,大阪市北区中津1丁目13番19号,-,毎日　　   ,5:00～24:00,〇,〇,-
御堂筋線　梅田駅,34.7032152,135.4976426,大阪市北区角田町8番6号,-,毎日　　   ,5:00～24:00,×,〇,-
谷町線　天神橋筋六丁目駅,34.7107613,135.5108197,大阪市北区浪花町14番28号,-,毎日　　   ,5:00～24:00,×,〇,-
谷町線　中崎町駅,34.7069399,135.5053825,大阪市北区中崎1丁目6番16号,-,毎日　　 ,5:00～24:00,×,〇,-
谷町線　東梅田駅,34.70081,135.499581,大阪市北区曽根崎2丁目11番11号,-,毎日　　,5:00～24:00,×,〇,-
谷町線　南森町駅,34.6975494,135.5108639,大阪市北区南森町2丁目1番4号,-,毎日　　   ,5:00～24:00,×,×,-
四つ橋線　西梅田駅,34.699882,135.49556,大阪市北区梅田2丁目2番25号,-,毎日　　  ,5:00～24:00,×,〇,-
堺筋線　天神橋筋六丁目駅,34.7107805,135.5112372,大阪市北区浪花町14番28号,-,毎日　　   ,5:00～24:00,×,×,-
堺筋線　扇町駅,34.7042366,135.5110217,大阪市北区天神橋4丁目8番3号,-,毎日　　   ,5:00～24:00,×,〇,-
堺筋線　南森町駅,34.6977822,135.5103968,大阪市北区南森町2丁目1番4号,-,毎日　　  ,5:00～24:00,×,〇,-
りありのきっず大阪,34.7140153,135.5108689,大阪市北区天神橋7丁目12-6グレーシィ―天神橋ビル2号館1Ｆ,-,月曜日～金曜日　　,9:00～17:00,〇,〇,-
北区子ども・子育てプラザ,34.7114844,135.5069807,大阪市北区本庄東1-24-11,-,火曜日～日曜日　,9:00～17:30,〇,〇,-
ハローワーク梅田マザーズコーナー,34.698831,135.49792,大阪市北区梅田1-2-2大阪駅前第2ビル16F,-,月曜日～金曜日　　,8:30～17:15,〇,〇,-
大阪市立北図書館,34.7157869,135.5085739,大阪市北区本庄東3丁目8番2号,-,火曜日～日曜日　　  ,(火〜金曜日）10:00～19:00、（土・日曜日）10:00～17:00,×,〇,-
中津つどいの広場　ぐうぐう,34.7105425,135.4933758,大阪市北区中津3-4-35-106,-,月曜日～金曜日,9:30～14:30,〇,〇,-
豊崎つどいの広場　ぐうぐう,34.7119296,135.5016163,大阪市北区豊崎4-2-11-1Ｆ,-,月曜日～金曜日　　,9:30～14:30,〇,〇,-
つどいの広場　みつるポケット,34.7024228,135.4810271,大阪市北区大淀中５丁目２番８号,-,月曜日～水曜日、金曜日、第１～３土曜日、第４木曜日,9:00～12:00、12:30～14:30,〇,〇,-
大阪市立北区民センター,34.7053489629337,135.51053953424,大阪市北区扇町２－１－２７,-,毎日　　　,9:30～21:30,×,〇,-
大阪市立大淀コミュニティセンター,34.7157241835793,135.508578360604,大阪市北区本庄東３－８－２,-,毎日　　　,9:30～21:30,×,〇,-
大阪市都島区役所,34.7012774,135.5282007,大阪市都島区中野町2-16-20,-,月曜日～金曜日　　　　,（月〜木曜日）9:00～17:30、（金曜日）9:00～19:00,〇,〇,-
大阪市都島区保健福祉センター分館,34.7080781,135.5221832,大阪市都島区中野町5-15-21,-,月曜日～金曜日　　,9:00～17:30,〇,〇,-
大阪市水道局　東部水道センター,34.7070275,135.5324675,大阪市都島区都島本通4-12-4,-,月曜日～金曜日　　,9:00～17:30,〇,〇,-
大阪市立毛馬保育所,34.7220841,135.5277621,大阪市都島区毛馬町2-5-13,-,月曜日～金曜日　　,10:00～16:00,〇,×,-
谷町線　野江内代駅,34.7092603,135.5380191,大阪市都島区内代町1丁目8番地先,-,毎日　　   ,5:00～24:00,×,〇,-
谷町線　都島駅,34.7088818,135.5260288,大阪市都島区都島本通3丁目3番地先,-,毎日　　   ,5:00～24:00,〇,〇,-
長堀鶴見緑地線　京橋駅,34.6977323,135.5308584,大阪市都島区東野田町2丁目6番18号,-,毎日　　   ,5:00～24:00,〇,〇,-
都島区子ども・子育てプラザ,34.7080432,135.5225394,大阪市都島区中野町5-15-21,-,火曜日～日曜日　　,9:00～17:30,〇,〇,-
大阪市立都島図書館,34.7009321,135.5279799,大阪市都島区中野町2丁目16番25号,-,火曜日～日曜日　　  ,（火～金曜日）10:00～19:00、（土・日曜日）10:00～17:00,〇,×,-
コティ子育てひろば,34.722245,135.524753,大阪市都島区毛馬町２丁目11-34-101,-,月～金　　,9:00～15：00,〇,〇,-
大阪市福島区役所,34.6922656,135.4722934,大阪市福島区大開1-8-1,-,月曜日～金曜日　　　　,（月～木曜日）9:00～17:30、（金曜日）9:00～19:00,〇,〇,-
福島子育て支援センター,34.6979909,135.4714711,大阪市福島区海老江6-1-9,-,月曜日～金曜日　　,10:00～16:00,〇,〇,-
千日前線　野田阪神駅,34.6943932,135.4748623,大阪市福島区大開1丁目14番18号,-,毎日　　   ,5:00～24:00,×,〇,-
千日前線　玉川駅,34.6894485,135.4755289,大阪市福島区吉野3丁目1番5号,-,毎日　　   ,5:00～24:00,×,〇,-
福島区子ども・子育てプラザ,34.6980269,135.4715419,大阪市福島区海老江6-1-14,-,火曜日～日曜日　　,9:00～17:30,〇,〇,-
大阪市立福島区民センター,34.6914761,135.4731354,大阪市福島区吉野3-17-23,-,毎日　　　,9:30～21:30,〇,〇,-
大阪シティ信用金庫　福島支店,34.6858237,135.4787031,大阪市福島区野田2-1-80,-,月曜日～金曜日　　　,9:00～15:00,×,〇,-
つどいの広場　ふじまめっこルーム,34.7003608,135.475986,大阪市福島区海老江1丁目10番２号,-,月曜日～金曜日　　　　,9:00～12:00、12:30～14:00,〇,〇,-
イオンスタイル野田阪神,34.695441,135.475856,大阪市福島区海老江1-1-23,-,毎日　　　　,9:00～21:00,〇,〇,-
イオンスタイル海老江,34.6978146,135.4761196,大阪市福島区海老江1-5-32,-,毎日,9:00～22:00,〇,〇,-
大阪市此花区役所・保健福祉センター,34.6830695,135.4523554,大阪市此花区春日出北1-8-4,-,月曜日～金曜日　　　　,（月～木曜日）9:00～17:30、（金曜日）9:00～19:00,〇,〇,-
つどいの広場高見町,34.6911482,135.4578848,大阪市此花区高見3-1-4,-,月曜日～金曜日　　,10:00～16:00,〇,〇,-
大阪市立酉島保育所,34.6829792,135.4436813,大阪市此花区酉島1-18-19-101,-,月曜日～金曜日　　,10:00～16:00,〇,×,-
此花区子ども・子育てプラザ,34.6856269,135.4526972,大阪市此花区四貫島2-26-17,-,火曜日～日曜日　　,9:00～17:30,〇,〇,-
大阪市立此花区民ホール,34.6858445,135.4571928,大阪市此花区四貫島1-1-18,-,毎日　　　,9:30～21:30,×,〇,-
大阪市立男女共同参画センター西部館  大阪市立こども文化センター（クレオ大阪西・こども文化センター）,34.6818263,135.4633396,大阪市此花区西九条6-1-20,-,火曜日～日曜日　,9:00～21:30,×,〇,-
大阪市立此花図書館,34.685912,135.457111,大阪市此花区四貫島1丁目1番18号,-,火曜日～日曜日　　  ,（火～金曜日）10:00～19:00、（土・日曜日）10:00～17:00,〇,〇,-
大阪市中央区役所・保健福祉センター,34.681201,135.509885,大阪市中央区久太郎町1丁目2番27号,-,月曜日～金曜日,（月～木曜日）9:00～17:30、（金曜日）9:00～19:00,〇,〇,-
パパママカレッジ＆マタニティサロンＨugＭe（助産院はぐみ）,34.678574,135.4987463,大阪市中央区博労町4ー5-6　野上ビル2階,-,月曜日～日曜日　　,（月〜金曜日）9:00～16:00、（土・日曜日）10:00～16:00,〇,〇,-
心斎橋BIGSTEP,34.6722786,135.4987532,大阪市中央区西心斎橋1-6-14,-,月曜日～日曜日　　,11:00～20:00,〇,〇,-
中央子育て支援センター,34.68056,135.5165177,大阪市中央区農人橋1-1-2,-,月曜日～金曜日　　,10:00～16:00,〇,〇,-
御堂筋線　淀屋橋駅,34.692098,135.500971,大阪市中央区北浜3丁目6番14号,-,毎日　　   ,5:00～24:00,〇,〇,-
御堂筋線　本町駅,34.6837898,135.5003129,大阪市中央区本町4丁目1番15号,-,毎日　　   ,5:00～24:00,×,〇,-
御堂筋線　心斎橋駅,34.6747701,135.5003959,大阪市中央区心斎橋筋1丁目8番16号,-,毎日　　  ,5:00～24:00,〇,〇,-
御堂筋線　なんば駅,34.6665882622982,135.500318537564,大阪市中央区難波1丁目9番7号,-,毎日　　   ,5:00～24:00,〇,〇,-
谷町線　天満橋駅,34.6887293,135.5175805,大阪市中央区谷町1丁目2番5号,-,毎日　　   ,5:00～24:00,×,〇,-
谷町線　谷町四丁目駅,34.682107,135.5172526,大阪市中央区谷町4丁目4番21号,-,毎日　　   ,5:00～24:00,×,〇,-
谷町線　谷町六丁目駅,34.674166,135.5171858,大阪市中央区谷町6丁目9番1号,-,毎日　　   ,5:00～24:00,×,〇,-
中央線　本町駅,34.6819558,135.4996486,大阪市中央区船場中央4丁目1番6号,-,毎日　　   ,5:00～24:00,〇,〇,-
中央線　堺筋本町駅,34.6820805,135.5066347,大阪市中央区船場中央1丁目4番16号,-,毎日　　   ,5:00～24:00,×,〇,-
中央線　谷町四丁目駅,34.6814051,135.5186862,大阪市中央区谷町4丁目4番21号,-,毎日　　   ,5:00～24:00,×,〇,-
中央線　森ノ宮駅,34.68174,135.533341,大阪市中央区森ノ宮中央1丁目1番43号,-,毎日　　   ,5:00～24:00,×,〇,-
長堀鶴見緑地線　心斎橋駅,34.6735807,135.5006301,大阪市中央区心斎橋筋1丁目8番16号,-,毎日　　   ,5:00～24:00,×,×,-
長堀鶴見緑地線　長堀橋駅,34.6742667,135.5063099,大阪市中央区島之内1丁目18番9号,-,毎日　　   ,5:00～24:00,×,×,-
長堀鶴見緑地線　松屋町駅,34.675189,135.5120199,大阪市中央区松屋町3番27号,-,毎日　　   ,5:00～24:00,×,〇,-
長堀鶴見緑地線　谷町六丁目駅,34.6762101,135.5173424,大阪市中央区安堂寺町1丁目6番10号,-,毎日　　   ,5:00～24:00,×,〇,-
長堀鶴見緑地線　森ノ宮駅,34.6817307,135.5333561,大阪市中央区森ノ宮中央1丁目1番43号,-,毎日　　   ,5:00～24:00,×,×,-
長堀鶴見緑地線　大阪ビジネスパーク駅,34.6918676,135.5296563,大阪市中央区城見1丁目3番13号,-,毎日　　   ,5:00～24:00,×,〇,-
中央区子ども・子育てプラザ,34.6713145,135.5079581,大阪市中央区島之内2-12-6,-,火曜日～日曜日　　,9:00～17:30,〇,〇,-
大阪マザーズハローワーク,34.66761,135.4997842,大阪市中央区難波2-2-3御堂筋グランドビル4F,-,月曜日～金曜日　　,10:00～18:00,〇,〇,-
千日前線　なんば駅,34.6673031,135.5007141,大阪市中央区難波1丁目9番7号,-,毎日　　   ,5:00～24:00,×,×,-
千日前線　日本橋駅,34.6669677,135.5061197,大阪市中央区日本橋1丁目5番12号,-,毎日　　   ,5:00～24:00,×,×,-
堺筋線　北浜駅,34.6907263,135.5066139,大阪市中央区北浜1丁目8番16号,-,毎日　　   ,5:00～24:00,×,〇,-
堺筋線　堺筋本町駅,34.6820805,135.5066347,大阪市中央区船場中央1丁目4番16号,-,毎日　　   ,5:00～24:00,×,〇,-
堺筋線　長堀橋駅,34.674852,135.5063491,大阪市中央区島之内1丁目18番9号,-,毎日　　  ,5:00～24:00,×,〇,-
堺筋線　日本橋駅,34.666976,135.506063,大阪市中央区日本橋1丁目5番12号,-,毎日　　   ,5:00～24:00,×,〇,-
ハローワーク大阪東　マザーズコーナー,34.6811081,135.5141017,大阪市中央区農人橋2丁目1-36　2F,-,月曜日～金曜日　　,8:30～17:15,〇,〇,-
ジョー・テラス・オオサカ,34.6886414688545,135.533160797066,大阪市中央区大阪城3-1,-,毎日　　　,7:00～23:00,〇,〇,-
ミライザ大阪城,34.6858464,135.5266176,大阪市中央区大阪城1-1,-,毎日　　　,9:00～22:00,〇,〇,-
大阪市立島之内図書館,34.671726,135.507966,大阪市中央区島之内2丁目12番31号,-,火曜日～日曜日　　  ,（火～金曜日）10:00～19:00、（土～日曜日）10:00～17:00,〇,〇,-
大阪市西区役所,34.6764359,135.4860234,大阪市西区新町4-5-14,-,月曜日～金曜日　　　　,（月～木曜日）9:00～17:30、（金曜日）9:00～19:00,〇,〇,-
大阪市立中央図書館,34.6738877,135.4862357,大阪市西区北堀江4-3-2,-,月曜日～日曜日・祝日　　,（月〜金曜日）9:15～20:30、（土・日曜日・祝日）9:15～17:00,〇,〇,-
大阪市立梅本保育所,34.6785965,135.4817423,大阪市西区本田1-4-50,-,月曜日～金曜日　　,10:00～16:00,〇,×,-
四つ橋線　肥後橋駅,34.6921121,135.4960331,大阪市西区江戸堀1丁目13番18号,-,毎日　　   ,5:00～24:00,×,〇,-
四つ橋線　本町駅,34.6820067,135.4988295,大阪市西区西本町1丁目4番10号,-,毎日　　   ,5:00～24:00,×,〇,-
四つ橋線　四ツ橋駅,34.674135,135.496727,大阪市西区北堀江1丁目1番29号,-,毎日　　   ,5:00～24:00,×,〇,-
中央線　九条駅,34.6752069,135.4733978,大阪市西区九条2丁目3番2号,-,毎日　　   ,5:00～24:00,×,〇,-
中央線　阿波座駅,34.6815517,135.4870181,大阪市西区西本町3丁目1番23号,-,毎日　　   ,5:00～24:00,×,〇,-
千日前線　阿波座駅,34.6812811,135.4865433,大阪市西区西本町3丁目1番23号,-,毎日　　   ,5:00～24:00,×,×,-
千日前線　西長堀駅,34.6752108,135.4871747,大阪市西区北堀江3丁目12番20号,-,毎日　　   ,5:00～24:00,×,〇,-
長堀鶴見緑地線　ドーム前千代崎駅,34.6703863,135.4789713,大阪市西区千代崎3丁目北2番8号,-,毎日　　   ,5:00～24:00,×,〇,-
長堀鶴見緑地線　西長堀駅,34.6757739,135.4870221,大阪市西区新町4丁目4番7号,-,毎日　　   ,5:00～24:00,×,〇,-
長堀鶴見緑地線　西大橋駅,34.6755462605286,135.493703106683,大阪市西区新町1丁目28番11号,-,毎日　　   ,5:00～24:00,×,〇,-
西区子ども・子育てプラザ,34.6777199,135.4740193,大阪市西区本田3-7-2,-,火曜日～日曜日　　,9:00～17:30,〇,〇,-
つどいの広場　シュッポッポ,34.6708702,135.4825271,大阪市西区南堀江4-24-5,-,日曜日、月曜日、水曜日～金曜日　,10:00～15:00,〇,〇,-
つどいの広場　きらぽかひろば,34.674755,135.4865235,大阪市西区北堀江4-2-7,-,月曜日～金曜日　　　　,（月〜木曜日）10:00～15:00、（金曜日）12:00～17:00,×,〇,-
あわざこどもクリニック,34.6822206,135.4888309,大阪市西区西本町3丁目1-1岡崎橋セントラルビル2Ｆ,-,月曜日～土曜日,（月・火曜日・第１〜３水曜日・金曜日）9:00～11:30、14:00～15:30、17:30～19:00、（第４水曜日・木曜日）9:00～11:30、17:30～19:00、（土曜日）9:00～11:30,〇,〇,-
イオン大阪ドームシティ,34.670269,135.477917,大阪市西区千代崎3-13-1,-,毎日,10:00～21:00,〇,〇,-
大阪市港区役所,34.6638812171903,135.460668104515,大阪市港区市岡1-15-25,-,月曜日～金曜日　　,9:00～17:30,〇,〇,-
港子育て支援センター,34.6539795187746,135.444801462187,大阪市港区八幡屋3-11-6,-,月曜日～金曜日　　,10:00～16:00,〇,〇,-
大阪市立磯路保育所,34.6648127,135.4606606,大阪市港区磯路2-11-8,-,月曜日～金曜日　　,10:00～16:00,〇,×,-
中央線　大阪港駅,34.653926567668,135.434439162187,大阪市港区築港3丁目5番9号,-,毎日　　   ,5:00～24:00,×,〇,-
中央線　朝潮橋駅,34.6601734924676,135.448277304515,大阪市港区田中3丁目1番4号,-,毎日　　   ,5:00～24:00,×,〇,-
中央線　弁天町駅,34.6687302663619,135.462866402137,大阪市港区波除3丁目11番6号,-,毎日　　   ,5:00～24:00,×,〇,-
港区子ども・子育てプラザ,34.6647215926474,135.460512933351,大阪市港区磯路2-11-10,-,火曜日～日曜日　　,9:00～17:30,〇,〇,-
大阪市立港区民センター,34.6677359165737,135.458843133352,大阪市港区弁天2-1-5,-,毎日　　　,9:30～21:30,×,〇,-
大阪市立港近隣センター,34.656681194142,135.448224033351,大阪市港区八幡屋1-4-20,-,毎日　　　,9:30～21:30,×,〇,-
大阪市立港図書館,34.6678025630799,135.458601431105,大阪市港区弁天2丁目1番5号,-,火曜日～日曜日　　  ,（火〜金曜日）10:00～19:00、（土・日曜日）10:00～17:00,×,〇,-
はっぴいポケットみ・な・と,34.6659552,135.4705757,大阪市港区南市岡１-11-19,-,月～水曜日、金曜日・土曜日　　,9:30～14:30,〇,〇,-
大阪市大正区役所,34.6503607782466,135.472802188652,大阪市大正区千島2-7-95,-,月曜日～金曜日　　,9:00～17:30,〇,〇,-
大阪市立大浪保育所,34.6623367098855,135.480381474605,大阪市大正区三軒家東2-5-4-101,-,月曜日～金曜日　　,10:00～16:00,〇,×,-
つどいの広場大正,34.642162687904,135.473506427156,大阪市大正区平尾2-23-5-101,-,月曜日～金曜日　　,10:00～16:00,〇,〇,-
長堀鶴見緑地線大正駅,34.665364684754,135.478437162041,大阪市大正区三軒家西1丁目2番1号,-,毎日　　   ,5:00～24:00,×,〇,-
大正区子ども・子育てプラザ,34.6571891182611,135.472259562041,大阪市大正区泉尾3-9-16,-,火曜日～日曜日　　,9:00～17:30,〇,〇,-
大阪市立大正会館,34.6508861286877,135.4721808,大阪市大正区千島2-6-15,-,毎日　　　,9:30～21:30,〇,〇,-
大阪市立大正図書館,34.6509385993217,135.47215667638,大阪市大正区千島2丁目6番15号,-,火曜日～日曜日　　  ,（火～金曜日）10:00～19:00、（土・日曜日）10:00～17:00,〇,〇,-
大阪市天王寺区役所,34.6578273678747,135.519349762041,大阪市天王寺区新法院町20-33,-,月曜日～金曜日　　,9:00～17:30,〇,〇,-
大阪市立男女共同参画センター中央館（クレオ大阪中央）,34.6598166,135.5155201,大阪市天王寺区上汐5-6-25,-,火曜日～日曜日　　,9:00～21:30,〇,〇,-
大阪市立味原保育所,34.6677363582586,135.527836125978,大阪市天王寺区味原町9-6,-,月曜日～金曜日　　,10:00～16:00,〇,×,-
谷町線　谷町九丁目駅,34.6667072123878,135.515747029839,大阪市天王寺区生玉前町1番24号,-,毎日　　   ,5:00～24:00,×,〇,-
谷町線　四天王寺前夕陽ケ丘駅,34.6582062,135.5141341,大阪市天王寺区夕陽丘町3番2号,-,毎日　　   ,5:00～24:00,×,〇,-
谷町線　天王寺駅,34.6481237056481,135.513142238763,大阪市天王寺区茶臼山5番52号,-,毎日　　 ,5:00～24:00,×,〇,-
千日前線　谷町九丁目駅,34.6666021924061,135.516328008954,大阪市天王寺区生玉前町1番24号,-,毎日　　   ,5:00～24:00,×,〇,-
千日前線　鶴橋駅,34.6660685198339,135.52917164965,大阪市天王寺区下味原町1番24号,-,毎日　　   ,5:00～24:00,×,〇,-
長堀鶴見緑地線　玉造駅,34.6746267815424,135.530379578244,大阪市天王寺区玉造本町1番2号,-,毎日　　   ,5:00～24:00,×,〇,-
天王寺区子ども・子育てプラザ,34.6677228776521,135.528058308338,大阪市天王寺区味原町9-14,-,火曜日～日曜日　　,9:00～17:30,〇,〇,-
大阪市立天王寺図書館,34.6615433670611,135.522118362041,大阪市天王寺区上之宮町4番47号,-,火曜日～日曜日　　  ,（火～金曜日）10:00～19:00、（土・日曜日）10:00～17:00,×,〇,-
大阪市立天王寺区民センター,34.660033595534,135.51409063405,大阪市天王寺区生玉寺町7番57号,-,毎日　　　,9:30～21:30,×,〇,-
大阪市浪速区役所,34.6593768179111,135.499602233205,大阪市浪速区敷津東1-4-20,-,月曜日～金曜日,（月〜木曜日）9:00～17:30、（金曜日）9:00～19:00,〇,〇,-
大阪市立難波市民学習センター,34.6662680562011,135.49542368377,大阪市浪速区湊町1-4-1ＯＣＡＴビル4階,-,月曜日～日曜日,（月～土曜日）9:30～21:30、（日曜日）9:30～17:00,×,〇,-
浪速子育て支援センター,34.6542767900032,135.491281696606,大阪市浪速区浪速東3-2-53,-,月曜日～金曜日　　,10:00～16:00,〇,〇,-
大阪市立浪速第５保育所,34.6579440809699,135.484717832196,大阪市浪速区木津川2-3-46,-,月曜日～金曜日　　,10:00～16:00,〇,×,-
つどいの広場　小田町,34.6597418929141,135.492796633205,大阪市浪速区塩草2-1-12,-,月曜日～金曜日　　,10:00～16:00,〇,〇,-
御堂筋線　大国町駅,34.6553687661401,135.497943627665,大阪市浪速区敷津東3丁目11番10号,-,毎日　　  ,5:00～24:00,×,〇,-
四つ橋線　なんば駅,34.6671031516209,135.497458275535,大阪市浪速区元町1丁目1番17号,-,毎日　　   ,5:00～24:00,×,〇,-
四つ橋線　大国町駅,34.6553687661401,135.497943627665,大阪市浪速区敷津東3丁目11番10号,-,毎日　　   ,5:00～24:00,×,×,-
千日前線　桜川駅,34.668443472526,135.489760160194,大阪市浪速区幸町2丁目3番7号,-,毎日　　   ,5:00～24:00,×,〇,-
堺筋線　恵美須町駅,34.6547372460257,135.505472565734,大阪市浪速区日本橋5丁目5番15号,-,毎日　　   ,5:00～24:00,×,〇,-
浪速区子ども・子育てプラザ,34.6598847016454,135.509929978216,大阪市浪速区下寺2-2-12,-,火曜日～日曜日,9:00～17:30,〇,〇,-
大阪市立浪速区民センター,34.6649358159988,135.490397929589,大阪市浪速区稲荷2-4-3,-,毎日　　　,9:30～21:30,×,〇,-
大阪市立浪速図書館,34.6585525999999,135.496090099999,大阪市浪速区敷津西1丁目5番23号,-,火曜日～日曜日　　  ,（火〜金曜日）10:00～19:00、（土・日曜日）10:00～17:00,×,〇,-
大阪市西淀川区役所,34.7114090125616,135.456079793158,大阪市西淀川区御幣島1-2-10,-,月曜日～金曜日　　,（月～木曜日）9:00～17:30、（金曜日）9:00～19:00,〇,〇,-
つどいの広場　柏里,34.712844474621,135.465046336553,大阪市西淀川区柏里3-17-1-101,-,月曜日～金曜日,10:00～16:00,〇,〇,-
西淀川子育て支援センター,34.7122651562509,135.438034814957,大阪市西淀川区佃4-9-9,-,月曜日～金曜日,10:00～16:00,〇,〇,-
西淀川区子ども・子育てプラザ,34.7064483759375,135.457984406886,大阪市西淀川区姫里2-13-22,-,火曜日～日曜日,9:00～17:30,〇,〇,-
大阪市立西淀川図書館,34.7112602442687,135.456328650925,大阪市西淀川区御幣島1丁目2番10号,-,火曜日～日曜日 ,（火～金曜日）10:00～19:00、（土・日曜日）10:00～17:00,〇,〇,-
大阪市淀川区役所,34.7209639952962,135.48669323934,大阪市淀川区十三東2-3-3,-,月曜日～金曜日　　,（月〜木曜日）9:00～17:30、（金曜日）9:00～19:00,〇,〇,-
社会福祉法人　大阪市淀川区社会福祉協議会,34.7353096336919,135.485945861964,大阪市淀川区三国本町2-14-3,-,月曜日～土曜日,9:00～17:30,〇,×,-
淀川子育て支援センター,34.7297877699202,135.49506406493,大阪市淀川区西中島7-14-41,-,月曜日～金曜日,10:00～16:00,〇,〇,-
御堂筋線　東三国駅,34.7408328962361,135.498469197661,大阪市淀川区東三国1丁目33番6号,-,毎日　　  ,5:00～24:00,×,〇,-
御堂筋線　新大阪駅,34.7329936653474,135.49851180281,大阪市淀川区西中島5丁目15番5号,-,毎日　　  ,5:00～24:00,〇,〇,-
御堂筋線　西中島南方駅,34.7255378218808,135.498608633077,大阪市淀川区西中島1丁目12番10号,-,毎日　　  ,5:00～24:00,〇,〇,-
つどいの広場かしま,34.7257995482463,135.458958279246,大阪市淀川区加島1-32-17,-,月曜日～金曜日,10:00～16:00,〇,〇,-
淀川区子ども・子育てプラザ,34.7305277708529,135.479799268863,大阪市淀川区新高1-11-19,-,火曜日～日曜日,9:00～17:30,〇,〇,-
ハローワーク淀川,34.7222614989045,135.482200487155,大阪市淀川区十三本町3-4-11,-,月曜日～金曜日,8:30～17:15,〇,〇,-
ぬくもりのおうちひろば,34.7290671916571,135.497846653081,大阪市淀川区西中島6-2-3　チサンマンション第7新大阪209号,-,月曜日～金曜日,10:00～17:00,〇,〇,-
大阪市立淀川区民センター,34.7253448736398,135.482886066063,大阪市淀川区野中南2-1-5,-,毎日　　　,9:30～21:30,×,〇,-
大阪市立淀川図書館,34.7160931284002,135.481228764403,大阪市淀川区新北野1丁目10番14号,-,火曜日～日曜日,（火〜金曜日）10:00～19:00、（土・日曜日）10:00～17:00,〇,〇,-
大阪市東淀川区役所,34.7411318961473,135.529601273759,大阪市東淀川区豊新2丁目1番4号,-,月曜日～金曜日,（月～木曜日）9:00～17:30、（金曜日）9:00～19:00,〇,〇,-
大阪市東淀川区役所出張所,34.7381197078514,135.516692146224,大阪市東淀川区東淡路4-15-1,-,月曜日～金曜日,9:00～17:30,〇,〇,-
大阪市立西大道保育所,34.7476923971105,135.54203980141,大阪市東淀川区大桐2-8-2-100,-,月曜日～金曜日,10:00～16:00,〇,×,-
つどいの広場西淡路,34.741392724627,135.510840148792,大阪市東淀川区西淡路5-1-14,-,月曜日～金曜日,10:00～16:00,〇,〇,-
大阪市立豊里第１保育所,34.7441320313908,135.540822230025,大阪市東淀川区豊里7ー21ー23,-,月曜日～金曜日,10:00～16:00,〇,×,-
東淀川子育て支援センター,34.7342402645539,135.505297208843,大阪市東淀川区東中島4-11-25,-,月曜日～金曜日,10:00～16:00,〇,〇,-
今里筋線　井高野駅,34.7600817564317,135.54732675557,大阪市東淀川区北江口4丁目20番3号,-,毎日　　   ,5:00～24:00,×,〇,-
今里筋線　瑞光四丁目駅,34.7521503799354,135.5445625765,大阪市東淀川区瑞光4丁目9番4号,-,毎日　　   ,5:00～24:00,×,〇,-
今里筋線　だいどう豊里駅,34.7439566433652,135.544473680271,大阪市東淀川区大桐1丁目1番7号,-,毎日　　   ,5:00～24:00,×,〇,-
東淀川区子ども・子育てプラザ,34.741269835678,135.529268570482,大阪市東淀川区豊新2-1-4,-,火曜日～日曜日　　,9:00～17:30,〇,〇,-
大阪市立東淀川図書館,34.7338799034295,135.519967937838,大阪市東淀川区東淡路1丁目4番53号,-,火曜日～日曜日,（火〜金曜日）10:00～19:00、（土・日曜日）10:00～17:00,〇,〇,-
おやこひろば・相川,34.757161503963,135.535839988647,大阪市東淀川区相川2-13-6 Active ten1階,-,月曜日～金曜日　　,10:00～15:00,〇,〇,-
おやこひろば・瑞光,34.7514164725645,135.54639467546,大阪市東淀川区瑞光4－2－21,-,月曜日～金曜日　　,10:00～15:00,〇,〇,-
おやこひろば・菅原,34.742041481247,135.522386031685,大阪市東淀川区菅原7－10－3,-,月曜日～金曜日　　,10:00～15:00,〇,〇,-
大阪市東成区役所,34.669934167906,135.541293525172,大阪市東成区大今里西2-8-4,-,月曜日～金曜日　　,（月～木曜日）9:00～17:30、（金曜日）9:00～19:00,〇,〇,-
大阪市東成区保健福祉<br />センター分館,34.6716674159444,135.540957933352,大阪市東成区大今里西1-19-29,-,月曜日～金曜日,9:00～17:30,〇,〇,-
大阪市立東成図書館,34.6680784515264,135.5414054576,大阪市東成区大今里西3-2-17,-,火曜日～日曜日　　,（火〜金曜日）10:00～19:00、（土・日曜日）10:00～17:00,〇,〇,-
東成子育て支援センター,34.6699750878838,135.541187989925,大阪市東成区大今里西2-8-4,-,月曜日～金曜日,10:00～16:00,〇,〇,-
中央線　緑橋駅,34.6806805584178,135.545323895415,大阪市東成区東中本1丁目14番17号,-,毎日　　   ,5:00～24:00,×,〇,-
中央線　深江橋駅,34.6790656490827,135.557448415005,大阪市東成区深江北1丁目1番21号,-,毎日　　   ,5:00～24:00,×,〇,-
千日前線　今里駅,34.668956228952,135.542985400812,大阪市東成区大今里3丁目15番18号,-,毎日　　  ,5:00～24:00,×,〇,-
千日前線　新深江駅,34.6681127684198,135.552795933352,大阪市東成区神路4丁目12番16号,-,毎日　　   ,5:00～24:00,×,〇,-
今里筋線　緑橋駅,34.6816666047665,135.544743258484,大阪市東成区東中本1丁目1番14号,-,毎日　　   ,5:00～24:00,×,〇,-
今里筋線　今里駅,34.6705964923338,135.543217743137,大阪市東成区大今里3丁目14番24号,-,毎日　　   ,5:00～24:00,×,〇,-
東成区子ども・子育てプラザ,34.6798325807469,135.547825503619,大阪市東成区東中本2-3-16,-,火曜日～日曜日,9:00～17:30,〇,〇,-
大阪市立東成区民センター,34.6679700266681,135.541379477891,大阪市東成区大今里西3-2-17,-,毎日　　　,9:30～21:30,〇,〇,-
大阪市生野区役所「キッズルーム」,34.6536632649927,135.534292957063,大阪市生野区勝山南3-1-19,-,月曜日～金曜日,9:30～17:00,〇,〇,-
大阪市立中川保育所,34.6611646144679,135.543189325895,大阪市生野区中川2-4-26,-,月曜日～金曜日,10:00～16:00,〇,×,-
千日前線　小路駅,34.6613110799511,135.556309766269,大阪市生野区小路東2丁目11番14号,-,毎日　　  ,5:00～24:00,×,〇,-
千日前線　北巽駅,34.6528982305534,135.554956820238,大阪市生野区巽東1丁目1番39号,-,毎日　　   ,5:00～24:00,×,〇,-
千日前線　南巽駅,34.6432417085171,135.553266579405,大阪市生野区巽東2丁目19番27号,-,毎日　　   ,5:00～24:00,×,〇,-
生野区子ども・子育てプラザ,34.6537583915339,135.54870519228,大阪市生野区巽北2-4-16,-,火曜日～日曜日,9:00～17:30,〇,〇,-
大阪市立生野区民センター,34.6544209127523,135.533588737433,大阪市生野区勝山北3-13-30,-,毎日　　　,9:30～21:30,〇,〇,-
大阪市立生野図書館,34.6531921808339,135.539769770128,大阪市生野区勝山南4丁目7番11号,-,火曜日～日曜日　  ,（火～金曜日）10:00～19:00、（土・日曜日）10:00～17:00,×,〇,-
カン鍼灸整骨院,34.6485883282862,135.539820566772,大阪市生野区舎利寺２－14-６,-,月～土　,（月～金曜日）9:30～12:30、16：30～20：00、（土曜日）9:30～12:30,〇,〇,-
大阪市旭区役所,34.7212019921908,135.544094198927,大阪市旭区大宮1-1-17,-,月曜日～金曜日,（月～木曜日）9:00～17:30、（金曜日）9:00～19:00,〇,〇,-
大阪市立生江保育所,34.7276465609997,135.53504636807,大阪市旭区生江3-14-13,-,月曜日～金曜日　,10:00～16:00,〇,×,-
旭子育て支援センター,34.7232879293277,135.549371944542,大阪市旭区森小路2-5-29,-,月曜日～金曜日　,10:00～16:00,〇,〇,-
谷町線　太子橋今市駅,34.7312761019022,135.554718810117,大阪市旭区太子橋1丁目4番地先,-,毎日　　   ,5:00～24:00,×,〇,-
谷町線　千林大宮駅,34.7238655414664,135.549120974093,大阪市旭区森小路2丁目6番地先,-,毎日　　  ,5:00～24:00,×,〇,-
谷町線　関目高殿駅,34.7149914600486,135.545301451764,大阪市旭区高殿4丁目22番地先,-,毎日　　   ,5:00～24:00,×,〇,-
今里筋線　清水駅,34.7221911162974,135.560768827062,大阪市旭区清水4丁目8番2号,-,毎日　　   ,5:00～24:00,×,〇,-
今里筋線　新森古市駅,34.7152058931677,135.558342721195,大阪市旭区新森4丁目2番27号,-,毎日　　   ,5:00～24:00,×,〇,-
放課後等デイサービスはなはな,34.7166956504726,135.541473544243,大阪市旭区高殿5-4-27,-,月曜日～金曜日　　,9:30～18:30,〇,〇,-
旭区子ども・子育てプラザ,34.7232992953619,135.54938272654,大阪市旭区森小路2-5-29,-,火曜日～日曜日,9:00～17:30,〇,〇,-
大阪市立旭図書館,34.7213101005706,135.542422814793,大阪市旭区中宮1丁目11番14号,-,火曜日～日曜日　　  ,（火～金曜日）10:00～19:00、（土・日曜日）10:00～17:00,〇,〇,-
城東区複合施設,34.7030848397965,135.5451004261,大阪市城東区中央3-5-45,-,毎日　　　,8:30～21:30,〇,〇,-
大阪市立男女共同参画センター東部館（クレオ大阪東）,34.6918114441216,135.53658843219,大阪市城東区鴫野西2-1-21,-,火曜日～日曜日　,9:00～21:30,×,〇,-
大阪市立鯰江保育所,34.6981356057252,135.547587442953,大阪市城東区今福西1-13-4,-,月曜日～金曜日　　,10:00～16:00,〇,×,-
城東子育て支援センター,34.6921992445827,135.542386421629,大阪市城東区鴫野西5-3-3-100,-,月曜日～金曜日　　,10:00～16:00,〇,〇,-
長堀鶴見緑地線　蒲生四丁目駅,34.7003881842171,135.547439139323,大阪市城東区今福西3丁目1番35号,-,毎日　　   ,5:00～24:00,×,〇,-
長堀鶴見緑地線　今福鶴見駅,34.7019602,135.5599079,大阪市城東区今福東2丁目14番15号,-,毎日　　   ,5:00～24:00,×,〇,-
今里筋線　関目成育駅,34.7130250567077,135.546470752005,大阪市城東区関目5丁目1番5号,-,毎日　　   ,5:00～24:00,×,〇,-
今里筋線　蒲生四丁目駅,34.7010210603561,135.546342115838,大阪市城東区今福西3丁目1番11号,-,毎日　　   ,5:00～24:00,×,〇,-
今里筋線　鴫野駅,34.6931789209442,135.546209614177,大阪市城東区鴫野東1丁目13番12号,-,毎日　　   ,5:00～24:00,×,〇,-
保険＆マネー,34.7014653589375,135.55871200976,大阪市城東区今福東1丁目10-5　イズミヤ今福店地下1階,-,毎日　　　,10:00～19:00,〇,〇,-
城東区子ども・子育てプラザ,34.6979050558212,135.548395631433,大阪市城東区今福西1-1-39,-,火曜日～日曜日　　,9:00～17:30,〇,〇,-
大阪市立城東区民センター,34.7032656424475,135.544425748301,大阪市城東区中央3-5-45,-,毎日　　　,9:30～21:30,〇,〇,-
杜のこうさてん,34.6905762402,135.546298701643,大阪市城東区鴫野東3-3-3,-,月曜日～金曜日　　　,9:45～15:15,〇,〇,-
城東つどいの広場,34.7035921196806,135.545332675117,大阪市城東区中央3丁目5番38号,-,火曜日～日曜日　　　　,9:30～17:00,〇,〇,-
大阪市鶴見区役所,34.7043236100939,135.574217264417,大阪市鶴見区横堤5-4-19,-,月曜日～金曜日,（月～木曜日）9:00～17:30、（金曜日）9:00～19:00,〇,〇,-
大阪市鶴見区民センター,34.704299389905,135.573486764417,大阪市鶴見区横堤5-3-15,-,毎日　　　,9:30～21:30,〇,〇,-
医療法人　いちば歯科医院,34.711636061716,135.581904462811,大阪市鶴見区浜2-5-5　パークリッジ現代1階,-,月曜日～土曜日　,（月～水曜日）9:30～19:00、（木・土曜日）9:30～12:30、（金曜日）9:30～18:00,〇,〇,-
鶴見子育て支援センター,34.7046667273009,135.583486415391,大阪市鶴見区諸口5-浜6-17,-,月曜日～金曜日,10:00～16:00,〇,〇,-
長堀鶴見緑地線　横堤駅,34.7035895862914,135.572851128436,大阪市鶴見区横堤5丁目3番31号,-,毎日　　  ,5:00～24:00,×,〇,-
長堀鶴見緑地線　鶴見緑地駅,34.7106989422599,135.580233336294,大阪市鶴見区緑地公園1番55号,-,毎日　　   ,5:00～24:00,×,〇,-
鶴見区子ども・子育てプラザ,34.6930015037345,135.567432493253,大阪市鶴見区今津中1-1-14,-,火曜日～日曜日,9:00～17:30,〇,〇,-
咲くやこの花館,34.7099658644031,135.57360512527,大阪市鶴見区鶴見緑地公園2-163,-,火曜日～日曜日,10:00～16:30,〇,〇,-
つどいの広場ソフィア,34.7124315911986,135.561370839787,大阪市鶴見区緑1-11-3　2階,-,月曜日～金曜日,9:00～16:00,〇,〇,-
大阪市立鶴見図書館,34.7042905697144,135.573561866267,大阪市鶴見区横堤5丁目3番15号,-,火曜日～日曜日　　  ,（火～金曜日）10:00～19:00、（土・日曜日）10:00～17:00,〇,〇,-
つどいの広場　秀和,34.7045571086379,135.575503886229,大阪市鶴見区諸口６丁目２番７号,-,月～金　　,9:30～15:30（12:00～13:00は昼休み）,〇,〇,-
イオン鶴見緑地,34.7052791271504,135.566959250924,大阪市鶴見区鶴見4-17-1,-,毎日,9:00～22:00,〇,〇,-
大阪市阿倍野区役所,34.6387659789632,135.518456604896,大阪市阿倍野区文の里1-1-40,-,月曜日～金曜日　　,9:00～17:30,〇,〇,-
大阪市立阿倍野市民学習センター,34.6426434877955,135.511282580939,大阪市阿倍野区阿倍野筋3-10-1-300あべのベルタ3階,-,月曜日～日曜日　　　,（月～土曜日）9:30～21:30、（日曜日）9:30～17:00,×,〇,-
トヨタカローラ南海（株）阿倍野店,34.626449656661,135.515622483272,大阪市阿倍野区阪南町4-1-2,-,火曜日～日曜日　　,10:00～18:15,〇,〇,-
大阪市立阪南保育所,34.6283209022013,135.515086081622,大阪市阿倍野区阪南町3-26-13,-,月曜日～金曜日　　,10:00～16:00,〇,×,-
御堂筋線　天王寺駅,34.6465694450723,135.513820091511,大阪市阿倍野区阿倍野筋1丁目1番48号,-,毎日　　   ,5:00～24:00,〇,〇,-
御堂筋線　昭和町駅,34.6337111185952,135.516947818632,大阪市阿倍野区昭和町1丁目9番26号,-,毎日　　   ,5:00～24:00,×,〇,-
御堂筋線　西田辺駅,34.6217648182061,135.515117461675,大阪市阿倍野区西田辺町1丁目1番25号,-,毎日　　 ,5:00～24:00,×,〇,-
谷町線　阿倍野駅,34.6426645133604,135.512011263451,大阪市阿倍野区阿倍野筋2丁目4番地先,-,毎日　　   ,5:00～24:00,×,〇,-
谷町線　文の里駅,34.6356479319845,135.518424390918,大阪市阿倍野区昭和町1丁目1番地先,-,毎日　　   ,5:00～24:00,×,〇,-
大阪市認可小規模保育施設　キッズベアー文の里,34.6329086422633,135.521388685594,大阪市阿倍野区文の里4-21-30一桃ビル2Ｆ,-,月曜日～土曜日　　,9:00～17:00,×,〇,-
阿倍野区子ども・子育てプラザ,34.6308791954177,135.515416676332,大阪市阿倍野区阪南町2-23-21,-,火曜日～日曜日　　,9:00～17:30,〇,〇,-
café＆coworking space CLIP,34.6330172880644,135.516593456694,大阪市阿倍野区阪南町1-50-3,-,月曜日～日曜日,（月～土曜日）10:00～23:00、（日曜日）10:00～19:00,×,〇,-
ハローワーク阿倍野　マザーズコーナー,34.6466818149764,135.510911738014,大阪市阿倍野区阿倍野筋1-5-1　あべのルシアスオフィス棟8F,-,月曜日～金曜日　　,10:00～18:30,〇,〇,-
大阪市立阿倍野図書館,34.6409645073329,135.510496963222,大阪市阿倍野区阿倍野筋4丁目19番118号,-,火曜日～日曜日　　  ,（火～金曜日）10:00～19:00、（土・日曜日）10:00～17:00,〇,〇,-
ふらっとひろば　ままちっち,34.6324911589826,135.513941908761,大阪市阿倍野区阪南町2-7-12,-,月曜日～金曜日　,9:30～14:30,〇,〇,-
大阪市住之江区役所,34.6096110132728,135.48279900138,大阪市住之江区御崎3-1-17,-,月曜日～金曜日　　,9:00～17:30,〇,〇,-
大阪市住之江区保健福祉<br />センター分館,34.6084235473746,135.485749555134,大阪市住之江区浜口東3-5-16,-,月曜日～金曜日　　,9:00～17:30,×,〇,-
ネッツトヨタ南海（株）<br />南港店,34.6210598368805,135.475206644586,大阪市住之江区北加賀屋5-6-1,-,火曜日～日曜日　,10:00～18:15,×,〇,-
つどいの広場　北加賀屋,34.6176976815646,135.479288337645,大阪市住之江区中加賀屋2-17-1,-,月曜日～金曜日　　,10:00～16:00,〇,〇,-
つどいの広場　みさき,34.6056226718957,135.482083477876,大阪市住之江区御崎7-2-4,-,月曜日～金曜日　　,10:00～16:00,〇,〇,-
四つ橋線　玉出駅,34.6240612114582,135.490455295355,大阪市住之江区粉浜西1丁目1番1号,-,毎日　　   ,5:00～24:00,×,〇,-
四つ橋線　北加賀屋駅,34.6213191554697,135.47906983936,大阪市住之江区北加賀屋2丁目11番2号,-,毎日　　   ,5:00～24:00,×,〇,-
四つ橋線　住之江公園駅,34.6089313357862,135.473083238317,大阪市住之江区泉1丁目1番52号,-,毎日　　   ,5:00～24:00,×,〇,-
中央線　コスモスクエア駅,34.6426575272066,135.412270300589,大阪市住之江区南港北1丁目30番21号,-,毎日　　   ,5:00～24:00,×,〇,-
南港ポートタウン線　コスモスクエア駅,34.6424306177022,135.411695048315,大阪市住之江区南港北1丁目30番21号,-,毎日　　   ,5:00～24:00,×,×,-
南港ポートタウン線　トレードセンター前駅,34.6386297744674,135.412171505364,大阪市住之江区南港北1丁目14番72号,-,毎日　　   ,5:00～24:00,×,〇,-
南港ポートタウン線　中ふ頭駅,34.634130088998,135.417301640032,大阪市住之江区南港中5丁目3番48号,-,毎日　　   ,5:00～24:00,×,〇,-
南港ポートタウン線　ポートタウン西駅,34.6308857015478,135.42274048455,大阪市住之江区南港中3丁目2番68号,-,毎日　　  ,5:00～24:00,×,〇,-
南港ポートタウン線　ポートタウン東駅,34.6309066384425,135.429126904492,大阪市住之江区南港中2丁目1番14号,-,毎日　　   ,5:00～24:00,×,〇,-
南港ポートタウン線　フェリーターミナル駅,34.6189748379492,135.435046589087,大阪市住之江区南港東4丁目8番52号,-,毎日　　   ,5:00～24:00,×,〇,-
南港ポートタウン線　南港東駅,34.613840510279,135.438541002657,大阪市住之江区南港東2丁目4番52号,-,毎日　　   ,5:00～24:00,×,〇,-
南港ポートタウン線　南港口駅,34.6138573846084,135.446158572869,大阪市住之江区南港東1丁目7番69号,-,毎日　　   ,5:00～24:00,×,〇,-
南港ポートタウン線　平林駅,34.6106481859854,135.458837554037,大阪市住之江区平林南1丁目2番先,-,毎日　　   ,5:00～24:00,×,〇,-
南港ポートタウン線　住之江公園駅,34.6092502409245,135.471919020741,大阪市住之江区泉1丁目1番先,-,毎日　　   ,5:00～24:00,×,〇,-
住之江区子ども・子育てプラザ,34.6084851,135.4844096,大阪市住之江区浜口西3-4-22,-,火曜日～日曜日　　,9:00～17:30,〇,〇,-
大阪市立住之江図書館,34.6064036153071,135.475006264417,大阪市住之江区南加賀屋3丁目1番20号,-,火曜日～日曜日　　  ,（火～金曜日）10:00～19:00、（土・日曜日）10:00～17:00,〇,〇,-
大阪市住吉区役所,34.6036604845472,135.500590406746,大阪市住吉区南住吉3-15-55,-,月曜日～金曜日　　,9:00～17:30,〇,〇,-
トヨタカローラ南海（株）住吉店,34.6091251802872,135.503643771568,大阪市住吉区南住吉2-18-4,-,火曜日～日曜日,10:00～18:15,×,〇,-
ネッツトヨタ南海（株）住吉店,34.6091255814155,135.503322511578,大阪市住吉区南住吉2-18-26,-,火曜日～日曜日,10:00～18:15,×,〇,-
トヨタカローラ南海（株）住之江店,34.6049951965233,135.483598861925,大阪市住吉区浜口西3-12-8,-,火曜日～日曜日,10:00～18:15,×,〇,-
社会福祉法人　大阪市住吉区社会福祉協議会,34.5924762956965,135.511077682208,大阪市住吉区浅香1-8-47,-,月曜日～土曜日,（月～金曜日）9:00～18:30、（土曜日）9:00～17:00,×,〇,-
住吉子育て支援センター,34.6142737856107,135.49872483523,大阪市住吉区帝塚山東5-5-16,-,月曜日～金曜日,10:00～16:00,〇,〇,-
大阪市立万領保育所,34.6139587658457,135.503093341324,大阪市住吉区万代東4-1-29,-,月曜日～金曜日,10:00～16:00,〇,×,-
御堂筋線　長居駅,34.6103235880096,135.51373599037,大阪市住吉区長居東4丁目6番5号,-,毎日　　   ,5:00～24:00,〇,〇,-
御堂筋線　あびこ駅,34.5989560409559,135.512788649943,大阪市住吉区苅田7丁目12番21号,-,毎日　　   ,5:00～24:00,×,〇,-
住吉区子ども・子育てプラザ,34.6091261037905,135.502893658895,大阪市住吉区南住吉2-18-21,-,火曜日～日曜日　　,9:00～17:30,〇,〇,-
ウェルカムブック大阪,34.6212015085033,135.50683032584,大阪市住吉区万代東1-3-13,-,日曜日～水曜日・金曜日・土曜日,12:00～18:00,×,〇,-
つどいの広場シュッポッポすみよし,34.6016842095495,135.49364062944,大阪市住吉区清水丘2-4-7　メゾンブラン101号,-,月曜日～金曜日　　,10:00～15:00,〇,〇,-
大阪市立住吉保育所,34.612671015026,135.498231981002,大阪市住吉区帝塚山東5-9-4,-,月曜日～金曜日　　,10:00～16:00,〇,×,-
大阪市立住吉図書館,34.6048285244787,135.500743771745,大阪市住吉区南住吉3丁目15番57号,-,火曜日～日曜日　　  ,（火～金曜日）10:00～19:00、（土・日曜日）10:00～17:00,〇,〇,-
四恩子育て支援センター,34.6008179130197,135.521718909854,大阪市住吉区苅田4-3-9,-,火曜日～土曜日,10:00～15:00,〇,〇,-
大阪市東住吉区役所,34.6220679723725,135.526661450924,大阪市東住吉区東田辺1-3-4,-,月曜日～金曜日　　,9:00～17:30,〇,〇,-
デイサービス　シンシア,34.6197959826229,135.520412106599,大阪市東住吉区山坂4-14-22,-,月曜日～土曜日　　,9:30～17:00,〇,〇,-
つどいの広場　矢田教育の森,34.6004873194106,135.528567593248,大阪市東住吉区矢田5-2-12,-,月曜日～金曜日　　,10:00～16:00,〇,〇,-
東住吉区在宅サービスセンター（さわやかセンター）,34.6248217570187,135.527472364417,大阪市東住吉区田辺2-10-18,-,月曜日～土曜日,（月～金曜日）9:30～18:30、（土曜日）9:30～17:00,×,〇,-
谷町線　田辺駅,34.6285040060492,135.525207618788,大阪市東住吉区田辺1丁目4番4号,-,毎日　　   ,5:00～24:00,×,〇,-
谷町線　駒川中野駅,34.6215412799229,135.532780558237,大阪市東住吉区針中野1丁目1番1号,-,毎日　　   ,5:00～24:00,×,〇,-
東住吉区子ども・子育てプラザ,34.6205329272251,135.527619093253,大阪市東住吉区東田辺2-11-28,-,火曜日～日曜日　　,9:00～17:30,〇,〇,-
大阪市立東住吉図書館,34.6205279035264,135.527579820308,大阪市東住吉区東田辺2丁目11番28号,-,火曜日～日曜日　　  ,（火～金曜日）10:00～19:00、（土・日曜日）10:00～17:00,×,〇,-
ハート広場,34.6353030128413,135.530064114269,大阪市東住吉区桑津5丁目13-48,-,月曜日～金曜日　　,10:00～16:00,×,〇,-
大阪市平野区役所,34.6212078931604,135.546157686642,大阪市平野区背戸口3-8-19,-,月曜日～金曜日,9:00～17:30,〇,〇,-
大阪市立男女共同参画センター南部館（クレオ大阪南）,34.6106755182847,135.548427165186,大阪市平野区喜連西6-2-23,-,火曜日～日曜日　　,9:00～21:30,×,〇,-
大阪市立平野図書館,34.6244115626227,135.559303625606,大阪市平野区平野東1-8-2,-,火曜日～日曜日,（火～金曜日）10:00～19:00、（土・日曜日）10:00～17:00,〇,〇,-
トヨタカローラ南海（株）平野店,34.6212409678266,135.541483502458,大阪市平野区背戸口1-21-24,-,火曜日～日曜日　　,10:00～18:15,×,〇,-
トヨタカローラ南海（株）新喜連店,34.6094923151428,135.542628106746,大阪市平野区喜連西4-6-75,-,火曜日～日曜日　　,10:00～18:15,×,〇,-
トヨタカローラ南海（株）加美店,34.6209430023021,135.574212329362,大阪市平野区加美南4-5-11,-,火曜日～日曜日　　,10:00～18:15,×,〇,-
平野区在宅サービスセンター,34.6234209513056,135.55647064438,大阪市平野区平野東2-1-30,-,月曜日～土曜日,（月～金曜日）9:00～19:00、（土曜日）9:00～17:30,×,〇,-
平野子育て支援センター,34.6244496897855,135.569303083054,大阪市平野区加美南1-9-45,-,月曜日～金曜日,10:00～16:00,〇,〇,-
長吉子育て支援センター,34.6031572481936,135.574999165003,大阪市平野区長吉長原東2-1-22,-,月曜日～金曜日,10:00～16:00,〇,〇,-
大阪市立瓜破保育所,34.6040926774404,135.552783160242,大阪市平野区瓜破3-3-64,-,月曜日～金曜日,10:00～16:00,〇,×,-
喜連子育て支援センター,34.613348747265,135.557674178473,大阪市平野区喜連6-7-44,-,月曜日～金曜日,10:00～16:00,〇,〇,-
谷町線　平野駅,34.6207922678819,135.548875573313,大阪市平野区平野西5丁目2番地先,-,毎日　　   ,5:00～24:00,×,〇,-
谷町線　喜連瓜破駅,34.6092369676335,135.55157847879,大阪市平野区喜連2丁目5番地先,-,毎日　　   ,5:00～24:00,×,〇,-
谷町線　出戸駅,34.6088838054443,135.56547138937,大阪市平野区長吉長原西1丁目1番10号,-,毎日　　  ,5:00～24:00,〇,〇,-
谷町線　長原駅,34.602575725335,135.573767808472,大阪市平野区長吉長原東2丁目2番33号,-,毎日　　  ,5:00～24:00,×,〇,-
平野区子ども・子育てプラザ,34.6039311347623,135.552789018813,大阪市平野区瓜破3-3-64,-,火曜日～日曜日,9:00～17:30,〇,〇,-
大阪市立平野区民センター,34.6089460241438,135.569882793253,大阪市平野区長吉出戸5-3-58,-,毎日　　　,9:30～21:30,×,〇,-
大阪市立平野区民ホール,34.6203975854373,135.558237364417,大阪市平野区平野南1-2-7,-,毎日　　　,9:30～21:30,×,〇,-
ふれんど広場,34.6376792797488,135.563146303122,大阪市平野区加美北5-9市営加美長沢住宅2号館108号室,-,月曜日～金曜日　　,10:00～15:00,〇,〇,-
つどいの広場　ときわっこ,34.6177774069603,135.551739786367,大阪市平野区流町2-2-24,-,火曜日～土曜日　　,10:00～15:30,〇,〇,-
イオン喜連瓜破,34.6084940964046,135.551921276633,大阪市平野区瓜破2-1-13,-,毎日　　　,9:00～22:00,〇,〇,-
イオン長吉,34.6081721293094,135.566059626645,大阪市平野区長吉長原西1-1-10,-,毎日　　,8:00～22:00,〇,〇,-
大阪市西成区役所,34.6347680548733,135.494322891724,大阪市西成区岸里1-5-20,-,月曜日～金曜日,9:00～17:30,〇,〇,-
大阪市西成区民センター,34.6344765309342,135.494954664417,大阪市西成区岸里1-1-50,-,毎日　　　,9:30～21:30,×,〇,-
大阪市社会福祉研修・情報センター,34.6498573191427,135.49067731414,大阪市西成区出城2-5-20,-,月曜日～日曜日　　,（月～金曜日）9:00～21:00、（土・日曜日）9:00～17:00,×,〇,-
トヨタカローラ南海（株）岸ノ里店,34.6342387076152,135.496968858032,大阪市西成区天下茶屋3-27-11,-,火曜日～日曜日,10:00～18:15,〇,〇,-
トヨタカローラ南海（株）南港店,34.6223806855428,135.48304317791,大阪市西成区南津守7-14-18,-,火曜日～日曜日,10:00～18:15,×,〇,-
大阪市立長橋第２保育所,34.6510543129315,135.49132587791,大阪市西成区南開1-7-7,-,月曜日～金曜日,10:00～16:00,〇,×,-
西成子育て支援センター,34.6444440715091,135.490952958536,大阪市西成区旭2-7-17,-,月曜日～金曜日　　,10:00～16:00,〇,〇,-
御堂筋線　動物園前駅,34.6487765658533,135.504517584163,大阪市西成区太子1丁目6番12号,-,毎日　　   ,5:00～24:00,×,〇,-
四つ橋線　花園町駅,34.6444117411933,135.496527126005,大阪市西成区旭1丁目5番2号,-,毎日　　   ,5:00～24:00,×,〇,-
四つ橋線　岸里駅,34.634655819297,135.493900621047,大阪市西成区岸里1丁目5番15号,-,毎日　　   ,5:00～24:00,×,〇,-
堺筋線　動物園前駅,34.6484318813429,135.503374256185,大阪市西成区太子1丁目6番12号,-,毎日　　   ,5:00～24:00,×,〇,-
堺筋線　天下茶屋駅,34.636990630263,135.49652934606,大阪市西成区岸里1丁目1番10号,-,毎日　　   ,5:00～24:00,×,〇,-
西成区子ども・子育てプラザ,34.6425796960436,135.495804058348,大阪市西成区梅南1-2-6,-,火曜日～日曜日　　,9:00～17:30,〇,〇,-
西成区社会福祉協議会「はぎのさと」本館,34.6350127343823,135.494357320239,大阪市西成区岸里1-5-20西成区合同庁舎8階,-,月曜日～金曜日　　,9:00～19:00,〇,〇,-
西成区社会福祉協議会「はぎのさと」別館,34.6412601609264,135.48950427517,大阪市西成区松3-1-16,-,月曜日～土曜日　　,9:00～17:30,〇,〇,-
今池こどもの家,34.6441974536178,135.497029389424,大阪市西成区花園北2-16-26,-,月曜日～金曜日　,11:00～19:00,〇,〇,-
暁光館　ひかり学園,34.648106995901,135.483989446837,大阪市西成区北津守4-4-35,-,月曜日～土曜日　　,9:00～17:00,×,〇,-
ココルーム,34.6460769,135.5042318,大阪市西成区太子2-3-3,-,毎日　　,10:00～19:00,〇,〇,-
認定NPO法人　こどもの里,34.6456584814317,135.501241762063,大阪市西成区萩之茶屋2-3-24,-,月曜日・水曜日～土曜日,10:00～18:30,〇,〇,-
グループホーム・あいえる,34.6279132346009,135.49726140369,大阪市西成区天神ノ森2-9-18,-,月曜日～金曜日　,10:00～17:00,〇,〇,-
つどいの広場せいか,34.6326234252182,135.488921914354,大阪市西成区千本中2-7-6,-,月曜日～金曜日　,10:00～15:00,〇,〇,-
(社福)吹田みどり福祉会たちばな保育園,34.6398853437839,135.489694826084,大阪市西成区橘3-1-19,-,月曜日～土曜日　　,7:30～18:30,〇,〇,-
(社福)みおつくし福祉会玉出東保育園,34.6276305030657,135.495954201339,大阪市西成区玉出東1-6-6,-,月曜日～金曜日　　,7:30～18:30,〇,〇,-
成南地域在宅サービスステーションめぐみ,34.6362661116015,135.4870512,大阪市西成区千本北2-12-2,-,月曜日～金曜日　　,9:00～17:30,〇,〇,-
天下茶屋地域在宅サービスステーションのぞみ,34.640290158593,135.50135896898,大阪市西成区天下茶屋東2-15-12,-,月曜日～土曜日　　,9:00～17:00,〇,〇,-
西成障害者会館,34.6479413273754,135.489739060929,大阪市西成区長橋3-2-27,-,月曜日～土曜日　　,9:15～17:30,〇,〇,-
まちかどホームすずらん,34.6504946274124,135.49097421377,大阪市西成区出城2-4-10,-,月曜日～土曜日　　,9:15～17:30,×,〇,-
ふれあいの里,34.6360825778463,135.48420628888,大阪市西成区南津守1-4-46,-,月曜日～木曜日・日曜日,10:00～17:00,〇,〇,-
わかくさ保育園,34.6461892470441,135.500399301691,大阪市西成区萩之茶屋2-9-2,-,月曜日～土曜日　　,8:30～17:00,〇,〇,-
ナンクルナイサァーケアネット,34.6333637072904,135.484476034927,大阪市西成区南津守3-3-22,-,月曜日～土曜日　　,9:00～18:00,〇,〇,-
岸里つどいの広場すまいる,34.6310096179729,135.494579497178,大阪市西成区岸里3-2-2岸里福祉会館第二会館,-,月曜日～金曜日　,10:00～15:00,〇,〇,-
そんぽの家S　天下茶屋,34.638419636916296、,135.496029348325,大阪市西成区花園南2-5-10,-,毎日　　　,9:00～18:00,〇,〇,-
西成スポーツセンター,34.6279585437323,135.49598553449,大阪市西成区玉出東1-6-1,-,火曜日～日曜日　　,9:00～21:00,×,〇,-
大阪市立西成図書館,34.6345651282429,135.494985015177,大阪市西成区岸里1丁目1番50号,-,火曜日～日曜日　　  ,（火〜金曜日）10:00～19:00、（土・日曜日）10:00～17:00,〇,〇,-
御堂筋線　江坂駅,34.758585779091,135.49706160131,吹田市豊津町9番地,-,毎日　　   ,5:00～24:00,×,〇,-
御堂筋線　北花田駅,34.5821228982121,135.516312011195,堺市北区北花田2丁14番地の3,-,毎日　　 ,5:00～24:00,×,〇,-
御堂筋線　新金岡駅,34.567637645544,135.514967785658,堺市北区新金岡1丁7番地の2,-,毎日　　  ,5:00～24:00,×,〇,-
御堂筋線　なかもず駅,34.5562740877262,135.506058667473,堺市北区中百舌鳥町2丁240番地の1,-,毎日　　   ,5:00～24:00,×,〇,-
中央線　高井田駅,34.6785267320864,135.572773096648,東大阪市川俣1丁目1番45号,-,毎日　　 ,5:00～24:00,×,〇,-
中央線　長田駅,34.6787061107235,135.591947351056,東大阪市長田中2丁目21番地の2,-,毎日　　   ,5:00～24:00,×,〇,-
谷町線　大日駅,34.749357193323,135.578133514501,守口市大日町2丁目1番B1,-,毎日　　   ,5:00～24:00,×,〇,-
谷町線　守口駅,34.7383415893469,135.56411311171,守口市京阪本通2丁目2番B1,-,毎日　　  ,5:00～24:00,×,〇,-
今里筋線　太子橋今市駅,34.7316904809994,135.555797862574,守口市京阪本通1丁目3番B-1号,-,毎日　　  ,5:00～24:00,×,〇,-
長堀鶴見緑地線　門真南駅,34.716733566446,135.592317624105,門真市三ツ島3丁目2201番地,-,毎日　　  ,5:00～24:00,×,〇,-
谷町線　八尾南駅,34.5974649439003,135.582627199929,八尾市若林町1丁目36番地,-,毎日　　   ,5:00～24:00,×,〇,-
つどいの広場　ぴよぴよアイランド,34.6835696560018,135.485291635564,大阪市西区江之子島1-5-8ロイヤルハイツたそがれ2F,-,月～金　　,10:00～15:00,〇,〇,-
大阪聖和保育園　子育て支援・多機能センター（つどいの広場「ポ・ポ・ポ」）,34.6613993112858,135.53837132134,大阪市生野区桃谷5-4-5,-,日～木　,9:00～14:00,〇,〇,-
にっこりRoomおおわだ,34.704389,135.441725,大阪市西淀川区大和田６－３－29,-,月～金　　,10:00～15:00,〇,〇,-
にっこりRoomかわきた,34.7046361779142,135.429479868338,大阪市西淀川区中島1-12-15　大阪市営中島第３住宅集会所,-,月～金　　,10:00～15:00,〇,〇,-
